DateTime ,Fan Voltage ,SFR1 ,PMr1 ,SFR2 ,PMr2
2018/07/26 13:14:53 , 12.0 , 3.700000047683716 , 0.0 , 3.700000047683716 , 0.0 ,
2018/07/26 13:14:55 , 2.25 , 4.352941036224365 , 0.8418702483177185 , 4.933333396911621 , 2.530923366546631 ,
2018/07/26 13:14:57 , 2.25 , 4.313901424407959 , 0.6854934692382812 , 4.933333396911621 , 1.011838436126709 ,
2018/07/26 13:14:59 , 2.25 , 4.316666603088379 , 7.958539962768555 , 4.188679218292236 , 0.43300220370292664 ,
2018/07/26 13:15:00 , 2.25 , 4.321167945861816 , 1.0066401958465576 , 4.567901134490967 , 0.7376554012298584 ,
2018/07/26 13:15:02 , 2.25 , 4.277456760406494 , 1.677621603012085 , 4.567901134490967 , 0.29345664381980896 ,
2018/07/26 13:15:04 , 2.25 , 4.277456760406494 , 4.096599102020264 , 4.4273505210876465 , 1.170222282409668 ,
2018/07/26 13:15:05 , 2.25 , 4.304709434509277 , 3.3599393367767334 , 4.136645793914795 , 3.3092200756073 ,
2018/07/26 13:15:07 , 2.25 , 4.306878566741943 , 0.9776578545570374 , 4.0590715408325195 , 0.8693057298660278 ,
2018/07/26 13:15:08 , 2.25 , 4.26923131942749 , 0.6483227014541626 , 4.154386043548584 , 1.2150551080703735 ,
2018/07/26 13:15:16 , 2.25 , 4.26923131942749 , 8.524450302124023 , 4.3235955238342285 , 1.63631010055542 ,
2018/07/26 13:15:18 , 2.5 , 4.2214765548706055 , 3.217942237854004 , 4.2151899337768555 , 2.141444206237793 ,
2018/07/26 13:15:19 , 2.5 , 4.209580898284912 , 5.395893573760986 , 4.2151899337768555 , 3.005300283432007 ,
2018/07/26 13:15:21 , 2.5 , 4.204545497894287 , 7.47014856338501 , 4.2028398513793945 , 4.818812847137451 ,
2018/07/26 13:15:22 , 2.5 , 4.23433256149292 , 2.5594189167022705 , 4.1750969886779785 , 2.776273012161255 ,
2018/07/26 13:15:24 , 2.5 , 4.23433256149292 , 0.32400256395339966 , 4.1750969886779785 , 1.338435411453247 ,
2018/07/26 13:15:26 , 2.5 , 4.105806350708008 , 0.8632636070251465 , 4.196597576141357 , 1.2239443063735962 ,
2018/07/26 13:15:27 , 2.5 , 4.145411014556885 , 3.1318717002868652 , 4.206038951873779 , 4.485995769500732 ,
2018/07/26 13:15:29 , 2.5 , 4.153493404388428 , 0.6955461502075195 , 4.195876121520996 , 7.644208908081055 ,
2018/07/26 13:15:31 , 2.5 , 4.157303333282471 , 0.98221755027771 , 4.22857141494751 , 2.21632719039917 ,
2018/07/26 13:15:38 , 2.5 , 4.151814937591553 , 3.154306173324585 , 4.315136909484863 , 1.0413789749145508 ,
2018/07/26 13:15:40 , 2.75 , 4.23433256149292 , 3.4594669342041016 , 4.363207817077637 , 2.225937604904175 ,
2018/07/26 13:15:42 , 2.75 , 4.220381736755371 , 0.95726078748703 , 4.333333969116211 , 0.43340572714805603 ,
2018/07/26 13:15:43 , 2.75 , 4.2150468826293945 , 0.5598703026771545 , 4.287553787231445 , 3.8162569999694824 ,
2018/07/26 13:15:45 , 2.75 , 4.203894138336182 , 3.057856321334839 , 4.309237003326416 , 2.1954898834228516 ,
2018/07/26 13:15:46 , 2.75 , 4.200836181640625 , 0.5533359050750732 , 4.309237003326416 , 0.26474717259407043 ,
2018/07/26 13:15:48 , 2.75 , 4.203243732452393 , 0.7581722736358643 , 4.319066047668457 , 0.587663471698761 ,
2018/07/26 13:15:50 , 2.75 , 4.182235240936279 , 1.5682861804962158 , 4.322124004364014 , 0.7626343965530396 ,
2018/07/26 13:15:51 , 2.75 , 4.156438827514648 , 3.8156867027282715 , 4.330920219421387 , 1.187142014503479 ,
2018/07/26 13:15:53 , 2.75 , 4.147449016571045 , 0.2894103527069092 , 4.339607238769531 , 6.611734867095947 ,
2018/07/26 13:16:01 , 2.75 , 4.130697727203369 , 0.578167736530304 , 4.289416313171387 , 2.3071541786193848 ,
2018/07/26 13:16:02 , 3.0 , 4.171225070953369 , 2.7989070415496826 , 4.280575752258301 , 1.0119173526763916 ,
2018/07/26 13:16:04 , 3.0 , 4.184468746185303 , 0.726203978061676 , 4.300592422485352 , 0.2892073690891266 ,
2018/07/26 13:16:06 , 3.0 , 4.1871256828308105 , 0.8462107181549072 , 4.300592422485352 , 0.45512741804122925 ,
2018/07/26 13:16:07 , 3.0 , 4.207655906677246 , 0.8069683909416199 , 4.304574489593506 , 0.5861715078353882 ,
2018/07/26 13:16:09 , 3.0 , 4.212191104888916 , 5.13994026184082 , 4.314216136932373 , 1.4067058563232422 ,
2018/07/26 13:16:11 , 3.0 , 4.224353790283203 , 1.5003669261932373 , 4.340153217315674 , 0.9736789464950562 ,
2018/07/26 13:16:12 , 3.0 , 4.241851806640625 , 1.9359151124954224 , 4.348725318908691 , 0.43102094531059265 ,
2018/07/26 13:16:14 , 3.0 , 4.245347023010254 , 3.0228493213653564 , 4.365412712097168 , 4.844022274017334 ,
2018/07/26 13:16:16 , 3.0 , 4.22159481048584 , 1.7734447717666626 , 4.356781482696533 , 0.8627181649208069 ,
2018/07/26 13:16:23 , 3.0 , 4.223683834075928 , 3.117314577102661 , 4.356054306030273 , 3.156776189804077 ,
2018/07/26 13:16:25 , 3.25 , 4.257266521453857 , 1.8564324378967285 , 4.371943950653076 , 0.27895694971084595 ,
2018/07/26 13:16:27 , 3.25 , 4.252389907836914 , 0.7523540258407593 , 4.380115032196045 , 0.32844361662864685 ,
2018/07/26 13:16:28 , 3.25 , 4.2454423904418945 , 0.99214106798172 , 4.380115032196045 , 2.026520252227783 ,
2018/07/26 13:16:30 , 3.25 , 4.207573413848877 , 1.4947091341018677 , 4.427525520324707 , 0.7687075138092041 ,
2018/07/26 13:16:31 , 3.25 , 4.201412200927734 , 0.8734444379806519 , 4.442217826843262 , 0.5451517701148987 ,
2018/07/26 13:16:33 , 3.25 , 4.211656093597412 , 8.170559883117676 , 4.442217826843262 , 0.4512259364128113 ,
2018/07/26 13:16:35 , 3.25 , 4.221780300140381 , 0.6627095937728882 , 4.4099297523498535 , 3.2855303287506104 ,
2018/07/26 13:16:36 , 3.25 , 4.218116760253906 , 2.6842598915100098 , 4.4099297523498535 , 0.284597247838974 ,
2018/07/26 13:16:38 , 3.25 , 4.220259666442871 , 0.3228357434272766 , 4.4063239097595215 , 1.989825963973999 ,
2018/07/26 13:16:46 , 3.25 , 4.261160850524902 , 7.859318733215332 , 4.430971145629883 , 0.665416955947876 ,
2018/07/26 13:16:47 , 3.5 , 4.190944671630859 , 0.877640962600708 , 4.393167018890381 , 0.32652533054351807 ,
2018/07/26 13:16:49 , 3.5 , 4.135467529296875 , 1.1982898712158203 , 4.400282382965088 , 2.1593096256256104 ,
2018/07/26 13:16:51 , 3.5 , 4.1421427726745605 , 0.533939003944397 , 4.336638450622559 , 6.094076156616211 ,
2018/07/26 13:16:52 , 3.5 , 4.140654563903809 , 1.5569849014282227 , 4.337411880493164 , 0.7181524038314819 ,
2018/07/26 13:16:54 , 3.5 , 4.147179126739502 , 0.6201487183570862 , 4.337411880493164 , 3.6826486587524414 ,
2018/07/26 13:16:56 , 3.5 , 4.146005630493164 , 4.453975677490234 , 4.337411880493164 , 0.3549236059188843 ,
2018/07/26 13:16:57 , 3.5 , 4.1004180908203125 , 2.8401176929473877 , 4.337411880493164 , 0.3486364781856537 ,
2018/07/26 13:16:59 , 3.5 , 4.115476131439209 , 2.7443673610687256 , 4.354403018951416 , 3.6877403259277344 ,
2018/07/26 13:17:01 , 3.5 , 4.11915922164917 , 0.5604321360588074 , 4.362636566162109 , 1.9729082584381104 ,
2018/07/26 13:17:08 , 3.5 , 4.136247634887695 , 3.2421231269836426 , 4.398280143737793 , 0.7251488566398621 ,
2018/07/26 13:17:10 , 3.75 , 4.175573348999023 , 1.2823370695114136 , 4.398280143737793 , 2.0763440132141113 ,
2018/07/26 13:17:11 , 3.75 , 4.1810688972473145 , 1.420090675354004 , 4.405245780944824 , 1.3123900890350342 ,
2018/07/26 13:17:13 , 3.75 , 4.212169170379639 , 3.596142530441284 , 4.390288352966309 , 0.9744314551353455 ,
2018/07/26 13:17:15 , 3.75 , 4.2165679931640625 , 0.8411470055580139 , 4.376136779785156 , 0.5875259041786194 ,
2018/07/26 13:17:16 , 3.75 , 4.177460193634033 , 2.817185163497925 , 4.387378692626953 , 0.3799000084400177 ,
2018/07/26 13:17:18 , 3.75 , 4.185494899749756 , 0.6518072485923767 , 4.387378692626953 , 4.505677700042725 ,
2018/07/26 13:17:20 , 3.75 , 4.157279014587402 , 1.0367002487182617 , 4.344722270965576 , 0.2760712504386902 ,
2018/07/26 13:17:21 , 3.75 , 4.155773639678955 , 2.7043051719665527 , 4.344986915588379 , 3.9269766807556152 ,
2018/07/26 13:17:23 , 3.75 , 4.155773639678955 , 0.3709918260574341 , 4.345365047454834 , 0.3044925928115845 ,
2018/07/26 13:17:31 , 3.75 , 4.139325141906738 , 0.6481366753578186 , 4.4271111488342285 , 1.8427382707595825 ,
2018/07/26 13:17:32 , 4.0 , 4.173460006713867 , 0.8819796442985535 , 4.4271111488342285 , 3.002817153930664 ,
2018/07/26 13:17:34 , 4.0 , 4.17628288269043 , 0.8283147811889648 , 4.436149597167969 , 0.3870536983013153 ,
2018/07/26 13:17:35 , 4.0 , 4.17628288269043 , 6.378955364227295 , 4.443490505218506 , 0.15402713418006897 ,
2018/07/26 13:17:37 , 4.0 , 4.179063320159912 , 1.3212686777114868 , 4.449123382568359 , 0.2495596706867218 ,
2018/07/26 13:17:39 , 4.0 , 4.204399585723877 , 0.43706798553466797 , 4.463254451751709 , 0.9766861796379089 ,
2018/07/26 13:17:40 , 4.0 , 4.188541412353516 , 5.486489295959473 , 4.4791083335876465 , 0.2898741066455841 ,
2018/07/26 13:17:42 , 4.0 , 4.196087837219238 , 3.477277994155884 , 4.487956523895264 , 0.530143678188324 ,
2018/07/26 13:17:44 , 4.0 , 4.169466972351074 , 6.487031936645508 , 4.501064300537109 , 0.4521120488643646 ,
2018/07/26 13:17:45 , 4.0 , 4.164651393890381 , 3.54347562789917 , 4.506815433502197 , 0.7250143885612488 ,
2018/07/26 13:17:53 , 4.0 , 4.159726142883301 , 6.716433525085449 , 4.4923787117004395 , 0.5782734751701355 ,
2018/07/26 13:17:55 , 4.25 , 4.150984764099121 , 3.810664653778076 , 4.498521327972412 , 0.1847657710313797 ,
2018/07/26 13:17:56 , 4.25 , 4.138908386230469 , 2.358607053756714 , 4.52916145324707 , 0.2639155983924866 ,
2018/07/26 13:17:58 , 4.25 , 4.138908386230469 , 0.47511327266693115 , 4.508076190948486 , 0.4100404679775238 ,
2018/07/26 13:17:59 , 4.25 , 4.166275978088379 , 2.606884002685547 , 4.505444049835205 , 0.2572431266307831 ,
2018/07/26 13:18:01 , 4.25 , 4.207159996032715 , 1.811273217201233 , 4.524130344390869 , 0.27311214804649353 ,
2018/07/26 13:18:03 , 4.25 , 4.225231647491455 , 0.5065732598304749 , 4.500668525695801 , 9.546528816223145 ,
2018/07/26 13:18:04 , 4.25 , 4.238223075866699 , 3.319253921508789 , 4.493407249450684 , 1.0639289617538452 ,
2018/07/26 13:18:06 , 4.25 , 4.241828918457031 , 0.8453134298324585 , 4.499985218048096 , 0.5089439153671265 ,
2018/07/26 13:18:08 , 4.25 , 4.245324611663818 , 0.42380785942077637 , 4.492758274078369 , 0.47495612502098083 ,
2018/07/26 13:18:15 , 4.25 , 4.209728717803955 , 8.446681022644043 , 4.406919479370117 , 1.8035420179367065 ,
2018/07/26 13:18:17 , 4.5 , 4.191822052001953 , 1.588873267173767 , 4.406919479370117 , 2.2184112071990967 ,
2018/07/26 13:18:19 , 4.5 , 4.171112060546875 , 1.2863813638687134 , 4.406919479370117 , 0.5647894740104675 ,
2018/07/26 13:18:20 , 4.5 , 4.158588886260986 , 0.9699382781982422 , 4.414641857147217 , 1.277160406112671 ,
2018/07/26 13:18:22 , 4.5 , 4.164587020874023 , 5.284400463104248 , 4.438235759735107 , 1.789559006690979 ,
2018/07/26 13:18:24 , 4.5 , 4.178494930267334 , 3.3173160552978516 , 4.452650547027588 , 0.1983073502779007 ,
2018/07/26 13:18:25 , 4.5 , 4.18900203704834 , 0.325774610042572 , 4.458008766174316 , 1.1319283246994019 ,
2018/07/26 13:18:27 , 4.5 , 4.209489345550537 , 0.9884222745895386 , 4.454540729522705 , 2.1086864471435547 ,
2018/07/26 13:18:29 , 4.5 , 4.209489345550537 , 5.098227500915527 , 4.475222587585449 , 2.8048815727233887 ,
2018/07/26 13:18:30 , 4.5 , 4.1805596351623535 , 3.128612756729126 , 4.488668441772461 , 2.5420029163360596 ,
2018/07/26 13:18:38 , 4.5 , 4.174149513244629 , 6.869502067565918 , 4.460850238800049 , 2.3120954036712646 ,
2018/07/26 13:18:40 , 4.75 , 4.187379360198975 , 0.8764888048171997 , 4.4301862716674805 , 4.639548301696777 ,
2018/07/26 13:18:41 , 4.75 , 4.153186798095703 , 1.2085134983062744 , 4.424147129058838 , 1.4425792694091797 ,
2018/07/26 13:18:43 , 4.75 , 4.144315719604492 , 4.350801467895508 , 4.438975811004639 , 2.522787094116211 ,
2018/07/26 13:18:44 , 4.75 , 4.12075138092041 , 7.932792663574219 , 4.436147212982178 , 0.4512028992176056 ,
2018/07/26 13:18:46 , 4.75 , 4.12075138092041 , 1.070988416671753 , 4.430854320526123 , 0.31293007731437683 ,
2018/07/26 13:18:48 , 4.75 , 4.116835117340088 , 6.315828323364258 , 4.393059253692627 , 0.29269126057624817 ,
2018/07/26 13:18:49 , 4.75 , 4.131478309631348 , 5.260383605957031 , 4.425644874572754 , 0.651185154914856 ,
2018/07/26 13:18:51 , 4.75 , 4.15325403213501 , 3.391895055770874 , 4.390010356903076 , 0.7666683793067932 ,
2018/07/26 13:18:53 , 4.75 , 4.165196418762207 , 1.8110657930374146 , 4.380423545837402 , 0.23605433106422424 ,
2018/07/26 13:19:00 , 4.75 , 4.165196418762207 , 2.332855224609375 , 4.291234970092773 , 2.1593856811523438 ,
2018/07/26 13:19:02 , 5.0 , 4.156723976135254 , 1.9829195737838745 , 4.300410747528076 , 4.843756198883057 ,
2018/07/26 13:19:04 , 5.0 , 4.154529094696045 , 7.26440954208374 , 4.29100227355957 , 0.7474328279495239 ,
2018/07/26 13:19:05 , 5.0 , 4.1413750648498535 , 9.086872100830078 , 4.282079696655273 , 5.38728141784668 ,
2018/07/26 13:19:07 , 5.0 , 4.117982864379883 , 0.7995933294296265 , 4.3260087966918945 , 2.1922342777252197 ,
2018/07/26 13:19:09 , 5.0 , 4.129170894622803 , 2.732520341873169 , 4.343098163604736 , 5.460781097412109 ,
2018/07/26 13:19:10 , 5.0 , 4.139303207397461 , 0.780967116355896 , 4.335206508636475 , 1.0686254501342773 ,
2018/07/26 13:19:12 , 5.0 , 4.145866870880127 , 0.5631971955299377 , 4.335206508636475 , 1.0561716556549072 ,
2018/07/26 13:19:14 , 5.0 , 4.166419982910156 , 0.6391535997390747 , 4.348180770874023 , 1.0293030738830566 ,
2018/07/26 13:19:15 , 5.0 , 4.166419982910156 , 0.8777607083320618 , 4.336273670196533 , 1.1634925603866577 ,
2018/07/26 13:19:23 , 5.0 , 4.163752555847168 , 1.0381203889846802 , 4.405823707580566 , 1.007058024406433 ,
2018/07/26 13:19:25 , 5.25 , 4.196230411529541 , 3.84810733795166 , 4.366161823272705 , 0.2464676946401596 ,
2018/07/26 13:19:26 , 5.25 , 4.196230411529541 , 0.3351461887359619 , 4.301889896392822 , 0.356807142496109 ,
2018/07/26 13:19:28 , 5.25 , 4.175406455993652 , 1.4210361242294312 , 4.268822193145752 , 2.3751721382141113 ,
2018/07/26 13:19:30 , 5.25 , 4.172298908233643 , 0.988113522529602 , 4.2782697677612305 , 2.288625955581665 ,
2018/07/26 13:19:31 , 5.25 , 4.0963134765625 , 3.1207122802734375 , 4.28760290145874 , 0.45525193214416504 ,
2018/07/26 13:19:33 , 5.25 , 4.086243152618408 , 1.0212653875350952 , 4.302549362182617 , 1.188500165939331 ,
2018/07/26 13:19:35 , 5.25 , 4.088827133178711 , 1.0497615337371826 , 4.340998649597168 , 0.3596353530883789 ,
2018/07/26 13:19:36 , 5.25 , 4.104175567626953 , 0.8804001808166504 , 4.329470157623291 , 0.8392137885093689 ,
2018/07/26 13:19:38 , 5.25 , 4.122297286987305 , 1.531863808631897 , 4.367091655731201 , 1.7077804803848267 ,
2018/07/26 13:19:45 , 5.25 , 4.1108598709106445 , 0.9959401488304138 , 4.316246509552002 , 0.8196970820426941 ,
2018/07/26 13:19:47 , 5.5 , 4.040532112121582 , 1.2436755895614624 , 4.316246509552002 , 5.131490707397461 ,
2018/07/26 13:19:49 , 5.5 , 4.057071208953857 , 0.3692600131034851 , 4.301230430603027 , 1.353014349937439 ,
2018/07/26 13:19:50 , 5.5 , 4.061596393585205 , 9.673616409301758 , 4.315616607666016 , 0.8007926940917969 ,
2018/07/26 13:19:52 , 5.5 , 4.061596393585205 , 3.7214884757995605 , 4.3168110847473145 , 1.0171375274658203 ,
2018/07/26 13:19:54 , 5.5 , 4.029758930206299 , 0.8854815363883972 , 4.2927632331848145 , 4.961312770843506 ,
2018/07/26 13:19:55 , 5.5 , 4.004179000854492 , 0.5036951899528503 , 4.2927632331848145 , 5.272043228149414 ,
2018/07/26 13:19:57 , 5.5 , 4.0106987953186035 , 1.1910463571548462 , 4.2602620124816895 , 2.218670129776001 ,
2018/07/26 13:19:59 , 5.5 , 4.025771141052246 , 3.1028058528900146 , 4.296901702880859 , 2.7635433673858643 ,
2018/07/26 13:20:00 , 5.5 , 4.044771671295166 , 0.6865300536155701 , 4.296901702880859 , 0.42915064096450806 ,
2018/07/26 13:20:08 , 5.5 , 4.039752006530762 , 5.997552394866943 , 4.355355739593506 , 1.2632789611816406 ,
2018/07/26 13:20:10 , 5.75 , 4.0522780418396 , 3.27191424369812 , 4.338802337646484 , 1.412874698638916 ,
2018/07/26 13:20:11 , 5.75 , 4.0522780418396 , 5.478731155395508 , 4.33925724029541 , 3.802624464035034 ,
2018/07/26 13:20:13 , 5.75 , 4.006062984466553 , 7.182245254516602 , 4.356179237365723 , 3.6069083213806152 ,
2018/07/26 13:20:15 , 5.75 , 4.002372741699219 , 1.2479865550994873 , 4.355976581573486 , 0.49316322803497314 ,
2018/07/26 13:20:16 , 5.75 , 3.9868576526641846 , 1.8394825458526611 , 4.368075847625732 , 3.0541977882385254 ,
2018/07/26 13:20:18 , 5.75 , 3.9923617839813232 , 1.0353436470031738 , 4.367586135864258 , 0.728725016117096 ,
2018/07/26 13:20:20 , 5.75 , 4.013138771057129 , 3.0630042552948 , 4.375812530517578 , 0.9545916318893433 ,
2018/07/26 13:20:21 , 5.75 , 4.0328145027160645 , 0.48442360758781433 , 4.391822814941406 , 4.697458744049072 ,
2018/07/26 13:20:23 , 5.75 , 4.021146297454834 , 10.062552452087402 , 4.4023919105529785 , 8.71225357055664 ,
2018/07/26 13:20:31 , 5.75 , 4.025341033935547 , 3.0846426486968994 , 4.011441230773926 , 1.913222074508667 ,
2018/07/26 13:20:32 , 6.0 , 4.120480537414551 , 3.0345654487609863 , 4.044979572296143 , 1.369792103767395 ,
2018/07/26 13:20:34 , 6.0 , 4.102190971374512 , 1.5821303129196167 , 4.061409950256348 , 0.638596773147583 ,
2018/07/26 13:20:35 , 6.0 , 4.085451602935791 , 3.997589111328125 , 4.065873622894287 , 2.066129207611084 ,
2018/07/26 13:20:37 , 6.0 , 4.079008102416992 , 0.5641236305236816 , 4.089067459106445 , 0.3318306505680084 ,
2018/07/26 13:20:39 , 6.0 , 4.083220481872559 , 0.5904201865196228 , 4.111755847930908 , 0.705940306186676 ,
2018/07/26 13:20:40 , 6.0 , 4.091398239135742 , 0.8450904488563538 , 4.093103885650635 , 0.6542138457298279 ,
2018/07/26 13:20:42 , 6.0 , 4.121115207672119 , 2.3843276500701904 , 4.1265716552734375 , 0.5748175382614136 ,
2018/07/26 13:20:44 , 6.0 , 4.12048864364624 , 1.4132194519042969 , 4.125832557678223 , 4.379012107849121 ,
2018/07/26 13:20:45 , 6.0 , 4.148773670196533 , 2.7764041423797607 , 4.140246868133545 , 0.398418664932251 ,
2018/07/26 13:20:53 , 6.0 , 4.132605075836182 , 1.3781821727752686 , 4.277786731719971 , 1.9644380807876587 ,
2018/07/26 13:20:55 , 6.25 , 4.129788875579834 , 1.8906441926956177 , 4.288171291351318 , 5.201496601104736 ,
2018/07/26 13:20:56 , 6.25 , 4.144102096557617 , 2.821920871734619 , 4.3630266189575195 , 1.0257734060287476 ,
2018/07/26 13:20:58 , 6.25 , 4.175914287567139 , 2.9755852222442627 , 4.387734889984131 , 0.9267791509628296 ,
2018/07/26 13:21:00 , 6.25 , 4.121302604675293 , 1.3773164749145508 , 4.408294200897217 , 2.422380208969116 ,
2018/07/26 13:21:01 , 6.25 , 4.121302604675293 , 0.8090765476226807 , 4.389622211456299 , 1.9985076189041138 ,
2018/07/26 13:21:03 , 6.25 , 4.15079927444458 , 1.574072003364563 , 4.3873114585876465 , 0.9645336270332336 ,
2018/07/26 13:21:05 , 6.25 , 4.1645731925964355 , 5.724545955657959 , 4.395286560058594 , 0.2955780029296875 ,
2018/07/26 13:21:06 , 6.25 , 4.161995887756348 , 1.5841225385665894 , 4.402339458465576 , 0.4618421196937561 ,
2018/07/26 13:21:08 , 6.25 , 4.1726908683776855 , 3.063793420791626 , 4.350651264190674 , 0.5579196214675903 ,
2018/07/26 13:21:16 , 6.25 , 4.175525188446045 , 1.324116826057434 , 4.285222053527832 , 1.7668572664260864 ,
2018/07/26 13:21:17 , 6.5 , 4.197842121124268 , 3.3003132343292236 , 4.2873735427856445 , 1.5768145322799683 ,
2018/07/26 13:21:19 , 6.5 , 4.197842121124268 , 1.203739881515503 , 4.313655376434326 , 5.19419002532959 ,
2018/07/26 13:21:21 , 6.5 , 4.193628787994385 , 1.966452717781067 , 4.317197322845459 , 3.7423148155212402 ,
2018/07/26 13:21:22 , 6.5 , 4.196146488189697 , 1.9400023221969604 , 4.343026161193848 , 3.751504898071289 ,
2018/07/26 13:21:24 , 6.5 , 4.169522762298584 , 0.6727174520492554 , 4.331390857696533 , 5.3639960289001465 ,
2018/07/26 13:21:26 , 6.5 , 4.189168453216553 , 3.011444091796875 , 4.348433971405029 , 0.5253475308418274 ,
2018/07/26 13:21:28 , 6.5 , 4.185384273529053 , 0.5536131858825684 , 4.356902599334717 , 1.6952344179153442 ,
2018/07/26 13:21:30 , 6.5 , 4.1880269050598145 , 0.51673823595047 , 4.356838226318359 , 0.41699883341789246 ,
2018/07/26 13:21:32 , 6.5 , 4.212904453277588 , 1.245650053024292 , 4.381217956542969 , 4.9865403175354 ,
2018/07/26 13:21:39 , 6.5 , 4.212904453277588 , 4.926170349121094 , 4.4192633628845215 , 1.1041470766067505 ,
2018/07/26 13:21:41 , 6.75 , 4.168487548828125 , 2.43611216545105 , 4.441301345825195 , 2.6511075496673584 ,
2018/07/26 13:21:43 , 6.75 , 4.18943977355957 , 1.4222074747085571 , 4.455636501312256 , 3.72676682472229 ,
2018/07/26 13:21:44 , 6.75 , 4.199821472167969 , 0.9238284826278687 , 4.452248573303223 , 2.685797691345215 ,
2018/07/26 13:21:46 , 6.75 , 4.171180248260498 , 8.054652214050293 , 4.424410820007324 , 4.445652961730957 ,
2018/07/26 13:21:48 , 6.75 , 4.190762042999268 , 1.252495527267456 , 4.440625190734863 , 0.5893064737319946 ,
2018/07/26 13:21:49 , 6.75 , 4.209582805633545 , 2.1765542030334473 , 4.430445194244385 , 0.22377444803714752 ,
2018/07/26 13:21:51 , 6.75 , 4.211856842041016 , 0.5534533858299255 , 4.429152488708496 , 3.67069935798645 ,
2018/07/26 13:21:52 , 6.75 , 4.203932285308838 , 3.0540812015533447 , 4.443626880645752 , 4.66443395614624 ,
2018/07/26 13:21:54 , 6.75 , 4.2431416511535645 , 0.8159264922142029 , 4.457901477813721 , 2.347928285598755 ,
2018/07/26 13:22:02 , 6.75 , 4.1775431632995605 , 9.513612747192383 , 4.486769199371338 , 1.5593470335006714 ,
2018/07/26 13:22:03 , 7.0 , 4.13834810256958 , 3.0864312648773193 , 4.475615978240967 , 0.6685855984687805 ,
2018/07/26 13:22:05 , 7.0 , 4.122232913970947 , 0.6551911234855652 , 4.491353988647461 , 0.7491369247436523 ,
2018/07/26 13:22:07 , 7.0 , 4.121873378753662 , 0.513477623462677 , 4.503183364868164 , 0.9170465469360352 ,
2018/07/26 13:22:08 , 7.0 , 4.120746612548828 , 2.045192241668701 , 4.515884876251221 , 3.872192859649658 ,
2018/07/26 13:22:10 , 7.0 , 4.135290622711182 , 1.7763679027557373 , 4.513115406036377 , 0.28827333450317383 ,
2018/07/26 13:22:12 , 7.0 , 4.135290622711182 , 2.129650831222534 , 4.513115406036377 , 0.3880905210971832 ,
2018/07/26 13:22:13 , 7.0 , 4.1462860107421875 , 2.9173080921173096 , 4.56837272644043 , 5702.369140625 ,
2018/07/26 13:22:15 , 7.0 , 4.247101306915283 , 10804.1884765625 , 4.596512317657471 , 3775.60107421875 ,
2018/07/26 13:22:16 , 7.0 , 4.299369812011719 , 5117.0166015625 , 4.610712051391602 , 1931.8526611328125 ,
2018/07/26 13:22:24 , 7.0 , 4.2031331062316895 , 2670.5205078125 , 4.617845058441162 , 1230.5712890625 ,
2018/07/26 13:22:26 , 7.25 , 4.156613349914551 , 1992.7601318359375 , 4.621420383453369 , 784.1868286132812 ,
2018/07/26 13:22:27 , 7.25 , 4.133737087249756 , 1229.86865234375 , 4.623209476470947 , 730.6572875976562 ,
2018/07/26 13:22:29 , 7.25 , 4.1223931312561035 , 1302.7349853515625 , 4.352147579193115 , 250.5292205810547 ,
2018/07/26 13:22:31 , 7.25 , 4.116744041442871 , 1162.317626953125 , 4.110756874084473 , 64.42118835449219 ,
2018/07/26 13:22:32 , 7.25 , 4.113925933837891 , 485.05450439453125 , 3.9998326301574707 , 72.24100494384766 ,
2018/07/26 13:22:34 , 7.25 , 4.112517833709717 , 196.7836151123047 , 4.168923377990723 , 53.387367248535156 ,
2018/07/26 13:22:36 , 7.25 , 4.111814498901367 , 65.82981872558594 , 4.465457916259766 , 21.25752830505371 ,
2018/07/26 13:22:37 , 7.25 , 4.111462116241455 , 50.21874237060547 , 4.465457916259766 , 3.6455788612365723 ,
2018/07/26 13:22:39 , 7.25 , 4.111286640167236 , 138.9891357421875 , 4.454756736755371 , 5.041334629058838 ,
2018/07/26 13:22:46 , 7.25 , 4.0000834465026855 , 116.48590850830078 , 4.53828239440918 , 14.032097816467285 ,
2018/07/26 13:22:48 , 7.5 , 4.054836750030518 , 49.361881256103516 , 4.581230640411377 , 40.87562942504883 ,
2018/07/26 13:22:50 , 7.5 , 4.157339096069336 , 15.50291633605957 , 4.600122928619385 , 50.31760787963867 ,
2018/07/26 13:22:51 , 7.5 , 4.18419885635376 , 20.92691421508789 , 4.332798957824707 , 15.796446800231934 ,
2018/07/26 13:22:53 , 7.5 , 4.14994478225708 , 20.003095626831055 , 4.561437129974365 , 30.52263832092285 ,
2018/07/26 13:22:55 , 7.5 , 4.139110565185547 , 14.085457801818848 , 4.592998504638672 , 26.49829864501953 ,
2018/07/26 13:22:56 , 7.5 , 4.132615566253662 , 6.699751377105713 , 4.608943939208984 , 14.300296783447266 ,
2018/07/26 13:22:58 , 7.5 , 4.0881500244140625 , 2.9255385398864746 , 4.614628791809082 , 24.09330940246582 ,
2018/07/26 13:23:00 , 7.5 , 4.013176918029785 , 8.483963966369629 , 4.749401569366455 , 16.50145721435547 ,
2018/07/26 13:23:01 , 7.5 , 4.024456024169922 , 2.355924129486084 , 4.821303367614746 , 21.264907836914062 ,
2018/07/26 13:23:09 , 7.5 , 4.027194023132324 , 9.104804992675781 , 4.575166702270508 , 11.709346771240234 ,
2018/07/26 13:23:11 , 7.75 , 4.068719863891602 , 14.328828811645508 , 4.531400203704834 , 5.0000319480896 ,
2018/07/26 13:23:12 , 7.75 , 4.194855690002441 , 26.663209915161133 , 4.602340221405029 , 3.874953031539917 ,
2018/07/26 13:23:14 , 7.75 , 4.124683856964111 , 10.177875518798828 , 4.562864780426025 , 1.4083489179611206 ,
2018/07/26 13:23:16 , 7.75 , 4.071610927581787 , 13.698330879211426 , 4.4752888679504395 , 3.722022533416748 ,
2018/07/26 13:23:17 , 7.75 , 4.082818984985352 , 16.921113967895508 , 4.36680269241333 , 7.401010036468506 ,
2018/07/26 13:23:19 , 7.75 , 4.0913310050964355 , 16.51676368713379 , 4.363877296447754 , 8.92566967010498 ,
2018/07/26 13:23:21 , 7.75 , 4.098463535308838 , 17.004472732543945 , 4.372150897979736 , 1.209879755973816 ,
2018/07/26 13:23:22 , 7.75 , 4.10184907913208 , 5.069663047790527 , 4.559761047363281 , 11.382792472839355 ,
2018/07/26 13:23:24 , 7.75 , 4.0500993728637695 , 10.705157279968262 , 4.681401252746582 , 6.375092029571533 ,
2018/07/26 13:23:31 , 7.75 , 4.057183265686035 , 2.9323415756225586 , 4.663750648498535 , 2.045267105102539 ,
2018/07/26 13:23:33 , 8.0 , 4.012284755706787 , 4.269448280334473 , 4.548083782196045 , 5.814324378967285 ,
2018/07/26 13:23:35 , 8.0 , 3.9944231510162354 , 3.883849620819092 , 4.552815914154053 , 4.118686199188232 ,
2018/07/26 13:23:36 , 8.0 , 4.0150909423828125 , 7.878997325897217 , 4.557260990142822 , 6.147418975830078 ,
2018/07/26 13:23:38 , 8.0 , 4.009191513061523 , 6.145166873931885 , 4.557260990142822 , 0.7086137533187866 ,
2018/07/26 13:23:40 , 8.0 , 4.0558342933654785 , 1.8743834495544434 , 4.5633368492126465 , 1.8307493925094604 ,
2018/07/26 13:23:41 , 8.0 , 4.031601428985596 , 3.641732931137085 , 4.503862380981445 , 1.012524962425232 ,
2018/07/26 13:23:43 , 8.0 , 4.035317897796631 , 1.8957432508468628 , 4.489710807800293 , 2.8173766136169434 ,
2018/07/26 13:23:45 , 8.0 , 4.035317897796631 , 7.859663009643555 , 4.476923942565918 , 2.0900449752807617 ,
2018/07/26 13:23:46 , 8.0 , 4.023554801940918 , 2.1508922576904297 , 4.489992141723633 , 1.4971834421157837 ,
2018/07/26 13:23:54 , 8.0 , 4.033400058746338 , 1.5519485473632812 , 4.572168827056885 , 2.286092519760132 ,
2018/07/26 13:23:56 , 8.25 , 4.139294147491455 , 2.83020281791687 , 4.586966037750244 , 0.48478326201438904 ,
2018/07/26 13:23:57 , 8.25 , 4.137943267822266 , 2.6653079986572266 , 4.591891288757324 , 5.8379669189453125 ,
2018/07/26 13:23:59 , 8.25 , 4.13665771484375 , 1.70685875415802 , 4.679643630981445 , 5.239056587219238 ,
2018/07/26 13:24:01 , 8.25 , 4.152528762817383 , 4.322968482971191 , 4.639543056488037 , 5.993756294250488 ,
2018/07/26 13:24:02 , 8.25 , 4.12102746963501 , 3.3155453205108643 , 4.638019561767578 , 0.8752370476722717 ,
2018/07/26 13:24:04 , 8.25 , 4.163877964019775 , 10.229510307312012 , 4.619112491607666 , 0.6613442301750183 ,
2018/07/26 13:24:05 , 8.25 , 4.154616355895996 , 6.019643783569336 , 4.687087535858154 , 0.6236662864685059 ,
2018/07/26 13:24:07 , 8.25 , 4.137362480163574 , 3.710952043533325 , 4.751634120941162 , 1.9418302774429321 ,
2018/07/26 13:24:09 , 8.25 , 4.135331153869629 , 8.29214096069336 , 4.778903961181641 , 3.8524954319000244 ,
2018/07/26 13:24:16 , 8.25 , 4.123202323913574 , 3.2883963584899902 , 4.8292951583862305 , 2.9075074195861816 ,
2018/07/26 13:24:18 , 8.5 , 4.119638442993164 , 6.423083782196045 , 4.850831985473633 , 4.005449295043945 ,
2018/07/26 13:24:20 , 8.5 , 4.117667198181152 , 3.235273599624634 , 4.7292680740356445 , 5.525618076324463 ,
2018/07/26 13:24:21 , 8.5 , 4.138000011444092 , 3.6618239879608154 , 4.698024749755859 , 8.620100021362305 ,
2018/07/26 13:24:23 , 8.5 , 4.134472370147705 , 5.649354934692383 , 4.727436542510986 , 1.7034223079681396 ,
2018/07/26 13:24:25 , 8.5 , 4.1486663818359375 , 8.063433647155762 , 4.713818550109863 , 5.158359050750732 ,
2018/07/26 13:24:26 , 8.5 , 4.160870552062988 , 7.5031352043151855 , 4.703192710876465 , 1.9167118072509766 ,
2018/07/26 13:24:28 , 8.5 , 4.160870552062988 , 4.075062274932861 , 4.691860675811768 , 1.837181806564331 ,
2018/07/26 13:24:30 , 8.5 , 4.107417583465576 , 2.437154531478882 , 4.731459617614746 , 0.5622952580451965 ,
2018/07/26 13:24:31 , 8.5 , 4.090236663818359 , 1.6622791290283203 , 4.759281158447266 , 1.7314536571502686 ,
2018/07/26 13:24:39 , 8.5 , 4.069796562194824 , 2.5000317096710205 , 4.70982027053833 , 4.063595294952393 ,
2018/07/26 13:24:41 , 8.75 , 4.153645992279053 , 6.105123996734619 , 4.723184585571289 , 0.9824640154838562 ,
2018/07/26 13:24:42 , 8.75 , 4.14974308013916 , 8.722213745117188 , 4.669704437255859 , 2.4552345275878906 ,
2018/07/26 13:24:44 , 8.75 , 4.14099645614624 , 1.3182157278060913 , 4.664993762969971 , 7.697073936462402 ,
2018/07/26 13:24:46 , 8.75 , 4.168259143829346 , 8.051685333251953 , 4.695038318634033 , 2.3178088665008545 ,
2018/07/26 13:24:47 , 8.75 , 3.884845495223999 , 2.0447402000427246 , 4.71254825592041 , 2.445869207382202 ,
2018/07/26 13:24:49 , 8.75 , 3.9494125843048096 , 9.525177955627441 , 4.737008571624756 , 2.6500580310821533 ,
2018/07/26 13:24:51 , 8.75 , 3.945152521133423 , 7.716885566711426 , 4.752924919128418 , 5.5794196128845215 ,
2018/07/26 13:24:52 , 8.75 , 3.9581501483917236 , 9.154993057250977 , 4.741003513336182 , 3.155696392059326 ,
2018/07/26 13:24:54 , 8.75 , 3.969764232635498 , 5.2114763259887695 , 4.725543975830078 , 5.656736850738525 ,
2018/07/26 13:25:02 , 8.75 , 3.9649903774261475 , 0.7204747796058655 , 4.877578258514404 , 3.3920021057128906 ,
2018/07/26 13:25:03 , 9.0 , 3.944066047668457 , 5.50186014175415 , 4.802086353302002 , 1.6718336343765259 ,
2018/07/26 13:25:05 , 9.0 , 3.951712131500244 , 1.0189287662506104 , 4.8494873046875 , 0.5175767540931702 ,
2018/07/26 13:25:06 , 9.0 , 3.9161341190338135 , 1.3659659624099731 , 4.8686203956604 , 1.7879148721694946 ,
2018/07/26 13:25:08 , 9.0 , 3.9249982833862305 , 4.948699474334717 , 4.873538017272949 , 5.961120128631592 ,
2018/07/26 13:25:09 , 9.0 , 3.904132843017578 , 2.3356380462646484 , 4.8651041984558105 , 6.895037651062012 ,
2018/07/26 13:25:11 , 9.0 , 3.904132843017578 , 0.8788327574729919 , 4.84670877456665 , 1.177268147468567 ,
2018/07/26 13:25:13 , 9.0 , 3.9038290977478027 , 7.7972612380981445 , 4.804783821105957 , 2.0696144104003906 ,
2018/07/26 13:25:14 , 9.0 , 3.8742010593414307 , 1.4758139848709106 , 4.7215495109558105 , 1.332638144493103 ,
2018/07/26 13:25:16 , 9.0 , 3.884861469268799 , 0.805711567401886 , 4.696691989898682 , 0.5791152119636536 ,
2018/07/26 13:25:24 , 9.0 , 3.826848268508911 , 3.2641043663024902 , 4.7469635009765625 , 1.8577150106430054 ,
2018/07/26 13:25:25 , 9.25 , 3.796809673309326 , 3.451578378677368 , 4.758198261260986 , 2.3836872577667236 ,
2018/07/26 13:25:27 , 9.25 , 3.8055081367492676 , 1.2435046434402466 , 4.745773792266846 , 2.800140380859375 ,
2018/07/26 13:25:28 , 9.25 , 3.7942042350769043 , 5.007987976074219 , 4.7587456703186035 , 1.4175480604171753 ,
2018/07/26 13:25:30 , 9.25 , 3.826939344406128 , 2.7821638584136963 , 4.746268272399902 , 4.3349738121032715 ,
2018/07/26 13:25:31 , 9.25 , 3.8347928524017334 , 1.8625916242599487 , 4.760152816772461 , 2.1184096336364746 ,
2018/07/26 13:25:33 , 9.25 , 3.8509697914123535 , 8.972357749938965 , 4.773041248321533 , 4.960041046142578 ,
2018/07/26 13:25:35 , 9.25 , 3.8698062896728516 , 4.355270862579346 , 4.736724376678467 , 2.450701951980591 ,
2018/07/26 13:25:36 , 9.25 , 3.890566349029541 , 4.20694637298584 , 4.719996452331543 , 2.340322971343994 ,
2018/07/26 13:25:38 , 9.25 , 3.8724348545074463 , 5.477977275848389 , 4.676705360412598 , 3.0175068378448486 ,
2018/07/26 13:25:45 , 9.25 , 3.873821258544922 , 9.530892372131348 , 4.566044807434082 , 2.9048848152160645 ,
2018/07/26 13:25:47 , 9.5 , 3.934753656387329 , 8.47203254699707 , 4.5713419914245605 , 2.935086727142334 ,
2018/07/26 13:25:49 , 9.5 , 3.964048147201538 , 6.229890823364258 , 4.597290515899658 , 1.5421186685562134 ,
2018/07/26 13:25:50 , 9.5 , 3.9566915035247803 , 3.73734188079834 , 4.5460381507873535 , 5.765490531921387 ,
2018/07/26 13:25:52 , 9.5 , 3.9518556594848633 , 1.8110437393188477 , 4.453463077545166 , 8.510272979736328 ,
2018/07/26 13:25:53 , 9.5 , 3.947402238845825 , 2.751852512359619 , 4.4751129150390625 , 0.8438981771469116 ,
2018/07/26 13:25:55 , 9.5 , 3.9249355792999268 , 5.443818092346191 , 4.456323623657227 , 7.625035285949707 ,
2018/07/26 13:25:57 , 9.5 , 3.954848051071167 , 2.1522114276885986 , 4.483417987823486 , 4.926885604858398 ,
2018/07/26 13:25:58 , 9.5 , 3.9721462726593018 , 2.657663106918335 , 4.555662631988525 , 0.6332833766937256 ,
2018/07/26 13:26:00 , 9.5 , 3.9903159141540527 , 1.2113558053970337 , 4.563711643218994 , 7.170699119567871 ,
2018/07/26 13:26:07 , 9.5 , 4.025351047515869 , 2.424046754837036 , 4.743251323699951 , 1.496467113494873 ,
2018/07/26 13:26:09 , 9.75 , 4.096495151519775 , 4.276371955871582 , 4.76485013961792 , 2.3991713523864746 ,
2018/07/26 13:26:11 , 9.75 , 4.100454807281494 , 2.533238649368286 , 4.746131420135498 , 2.272446632385254 ,
2018/07/26 13:26:12 , 9.75 , 4.115511894226074 , 1.8258241415023804 , 4.810179710388184 , 2.6217079162597656 ,
2018/07/26 13:26:14 , 9.75 , 4.115301609039307 , 1.5522336959838867 , 4.792734622955322 , 0.9697050452232361 ,
2018/07/26 13:26:15 , 9.75 , 4.100787162780762 , 2.625455856323242 , 4.820836067199707 , 0.8902634382247925 ,
2018/07/26 13:26:17 , 9.75 , 4.038297176361084 , 11.461974143981934 , 4.832348823547363 , 5.9886064529418945 ,
2018/07/26 13:26:19 , 9.75 , 4.076733112335205 , 4.558430194854736 , 4.85839319229126 , 0.9054527878761292 ,
2018/07/26 13:26:20 , 9.75 , 4.078357219696045 , 3.0818800926208496 , 4.800159454345703 , 2.6330416202545166 ,
2018/07/26 13:26:22 , 9.75 , 4.0945000648498535 , 0.6257638335227966 , 4.814425945281982 , 0.3319878876209259 ,
2018/07/26 13:26:29 , 9.75 , 4.106108665466309 , 1.3904732465744019 , 4.838980674743652 , 2.1679484844207764 ,
2018/07/26 13:26:31 , 10.0 , 4.0597243309021 , 4.837430000305176 , 4.843391418457031 , 0.8916958570480347 ,
2018/07/26 13:26:33 , 10.0 , 4.0597243309021 , 1.104619026184082 , 4.85380220413208 , 4.958385944366455 ,
2018/07/26 13:26:34 , 10.0 , 4.054184436798096 , 0.4289648234844208 , 4.858697414398193 , 3.498741626739502 ,
2018/07/26 13:26:36 , 10.0 , 4.120945930480957 , 0.7673847079277039 , 4.9053192138671875 , 2.328348159790039 ,
2018/07/26 13:26:37 , 10.0 , 4.119786262512207 , 0.9007048606872559 , 4.9053192138671875 , 2.8455538749694824 ,
2018/07/26 13:26:39 , 10.0 , 4.138528823852539 , 0.9431840777397156 , 4.885321140289307 , 2.5107932090759277 ,
2018/07/26 13:26:41 , 10.0 , 4.073920726776123 , 1.129520058631897 , 4.9030070304870605 , 0.542068362236023 ,
2018/07/26 13:26:42 , 10.0 , 4.076225280761719 , 2.074044942855835 , 4.861255168914795 , 1.4633500576019287 ,
2018/07/26 13:26:44 , 10.0 , 4.084601402282715 , 1.3436243534088135 , 4.804480075836182 , 0.9322296380996704 ,
2018/07/26 13:26:51 , 10.0 , 4.08770227432251 , 10.587637901306152 , 4.8935866355896 , 3.3136820793151855 ,
2018/07/26 13:26:53 , 10.25 , 4.093745708465576 , 3.1607043743133545 , 4.896621227264404 , 5.513531684875488 ,
2018/07/26 13:26:55 , 10.25 , 4.119372844696045 , 8.829577445983887 , 4.897218704223633 , 1.2118229866027832 ,
2018/07/26 13:26:56 , 10.25 , 4.097035884857178 , 8.233487129211426 , 4.87514591217041 , 1.965672492980957 ,
2018/07/26 13:26:58 , 10.25 , 4.115647315979004 , 2.692232131958008 , 4.887392044067383 , 3.8166069984436035 ,
2018/07/26 13:26:59 , 10.25 , 4.0883660316467285 , 1.6963800191879272 , 4.904993534088135 , 8.15112018585205 ,
2018/07/26 13:27:01 , 10.25 , 4.021710395812988 , 6.9680962562561035 , 4.866420269012451 , 5.693145751953125 ,
2018/07/26 13:27:03 , 10.25 , 4.029676914215088 , 4.113358974456787 , 4.847972869873047 , 2.3376410007476807 ,
2018/07/26 13:27:04 , 10.25 , 4.048468112945557 , 2.7131407260894775 , 4.881647109985352 , 8.097086906433105 ,
2018/07/26 13:27:06 , 10.25 , 4.074376106262207 , 1.0987616777420044 , 4.868782043457031 , 4.268946170806885 ,
2018/07/26 13:27:07 , 10.25 , 4.077688217163086 , 4.273480415344238 , 4.845562934875488 , 1.7487730979919434 ,
2018/07/26 13:27:09 , 10.25 , 4.080704212188721 , 2.830152750015259 , 4.864853382110596 , 2.3052585124969482 ,
2018/07/26 13:27:11 , 10.25 , 4.065770626068115 , 3.948073625564575 , 4.7958083152771 , 2.5289769172668457 ,
2018/07/26 13:27:12 , 10.25 , 4.060019493103027 , 3.190016031265259 , 4.876041412353516 , 4.157096862792969 ,
2018/07/26 13:27:14 , 10.25 , 4.0444159507751465 , 1.9847756624221802 , 4.815580368041992 , 8.46711540222168 ,
2018/07/26 13:27:16 , 10.25 , 4.048521518707275 , 9.47468090057373 , 4.866503715515137 , 1.1947896480560303 ,
2018/07/26 13:27:17 , 10.25 , 4.070418357849121 , 11.225232124328613 , 4.876739025115967 , 2.4050076007843018 ,
2018/07/26 13:27:19 , 10.25 , 4.056344032287598 , 1.7437238693237305 , 4.900436878204346 , 1.4882885217666626 ,
2018/07/26 13:27:20 , 10.25 , 4.087007999420166 , 2.414407968521118 , 4.8213396072387695 , 4.223661422729492 ,
2018/07/26 13:27:22 , 10.25 , 4.137288570404053 , 2.614989757537842 , 4.839650630950928 , 2.1599740982055664 ,
2018/07/26 13:27:23 , 10.25 , 4.133211135864258 , 15.507063865661621 , 4.849271774291992 , 1.9427721500396729 ,
2018/07/26 13:27:25 , 10.25 , 4.077936172485352 , 17.741302490234375 , 4.818793773651123 , 7.127300262451172 ,
2018/07/26 13:27:27 , 10.25 , 4.040417194366455 , 4.739323139190674 , 4.778746604919434 , 1.7867754697799683 ,
2018/07/26 13:27:28 , 10.25 , 4.018941879272461 , 8.240701675415039 , 4.743929386138916 , 4.271290302276611 ,
2018/07/26 13:27:30 , 10.25 , 4.028377532958984 , 2.5908679962158203 , 4.70550537109375 , 1.4152812957763672 ,
2018/07/26 13:27:31 , 10.25 , 4.1172308921813965 , 3.269836902618408 , 4.72831916809082 , 2.733335018157959 ,
2018/07/26 13:27:33 , 10.25 , 4.116673946380615 , 3.2700514793395996 , 4.721726894378662 , 1.4675034284591675 ,
2018/07/26 13:27:35 , 10.25 , 4.095458030700684 , 4.607235431671143 , 4.772586822509766 , 2.3902692794799805 ,
2018/07/26 13:27:36 , 10.25 , 4.096432685852051 , 11.274073600769043 , 4.788889408111572 , 1.788408637046814 ,
2018/07/26 13:27:38 , 10.25 , 4.068947792053223 , 8.816161155700684 , 4.771225452423096 , 5.881863594055176 ,
2018/07/26 13:27:40 , 10.25 , 3.9877591133117676 , 7.65200662612915 , 4.8072190284729 , 6.801120758056641 ,
2018/07/26 13:27:41 , 10.25 , 4.013660430908203 , 2.7166454792022705 , 4.7826409339904785 , 2.056548595428467 ,
2018/07/26 13:27:43 , 10.25 , 3.9697654247283936 , 9.420858383178711 , 4.7635393142700195 , 2.5411441326141357 ,
2018/07/26 13:27:44 , 10.25 , 3.9607887268066406 , 4.2587971687316895 , 4.7784905433654785 , 7.042108058929443 ,
2018/07/26 13:27:46 , 10.25 , 4.003217697143555 , 1.6683845520019531 , 4.755942344665527 , 9.639898300170898 ,
2018/07/26 13:27:48 , 10.25 , 3.988726854324341 , 4.60407018661499 , 4.825028419494629 , 5.812838554382324 ,
2018/07/26 13:27:49 , 10.25 , 4.041111946105957 , 1.9490569829940796 , 4.885861873626709 , 1.903452754020691 ,
2018/07/26 13:27:51 , 10.25 , 4.063503742218018 , 7.629446029663086 , 4.85723876953125 , 5.197076320648193 ,
2018/07/26 13:27:52 , 10.25 , 4.088216304779053 , 3.090320587158203 , 4.822643756866455 , 2.1853201389312744 ,
2018/07/26 13:27:54 , 10.25 , 4.089968204498291 , 8.447738647460938 , 4.829416275024414 , 0.6118212938308716 ,
2018/07/26 13:27:56 , 10.25 , 4.091283321380615 , 7.201414585113525 , 4.83426570892334 , 5.977147102355957 ,
2018/07/26 13:27:57 , 10.25 , 4.121005535125732 , 8.191269874572754 , 4.820633411407471 , 1.0775537490844727 ,
2018/07/26 13:27:59 , 10.25 , 4.120532989501953 , 10.649827003479004 , 4.7994232177734375 , 0.8410907983779907 ,
2018/07/26 13:28:00 , 10.25 , 4.120228290557861 , 1.4019101858139038 , 4.727468490600586 , 3.5784168243408203 ,
2018/07/26 13:28:02 , 10.25 , 4.11979341506958 , 1.9001919031143188 , 4.736881256103516 , 11.745448112487793 ,
2018/07/26 13:28:04 , 10.25 , 4.101562023162842 , 7.761539936065674 , 4.767822742462158 , 1.9170982837677002 ,
2018/07/26 13:28:05 , 10.25 , 4.084875583648682 , 5.0858073234558105 , 4.810672283172607 , 4.952240943908691 ,
2018/07/26 13:28:07 , 10.25 , 4.064146518707275 , 2.650585651397705 , 4.827820301055908 , 1.0077608823776245 ,
2018/07/26 13:28:08 , 10.25 , 4.051284313201904 , 1.2571258544921875 , 4.811589241027832 , 4.188124179840088 ,
2018/07/26 13:28:10 , 10.25 , 4.04113245010376 , 8.960700988769531 , 4.784017562866211 , 5.857294082641602 ,
